{"errors":[],"warnings":[],"namedChunkGroups":{"app":{"chunks":[7,1,0,2],"assets":["webpack-runtime-28bd387bdd44e0c7c73c.js","webpack-runtime-28bd387bdd44e0c7c73c.js.map","styles.7f80664dd776e582a638.css","styles-85767d4e028a308931f7.js","styles-85767d4e028a308931f7.js.map","commons-67fdef74ccac68ffb58b.js","commons-67fdef74ccac68ffb58b.js.map","app-6447774d00a61435475a.js","app-6447774d00a61435475a.js.map"],"children":{},"childAssets":{}},"component---src-pages-404-js":{"chunks":[1,0,3],"assets":["styles.7f80664dd776e582a638.css","styles-85767d4e028a308931f7.js","styles-85767d4e028a308931f7.js.map","commons-67fdef74ccac68ffb58b.js","commons-67fdef74ccac68ffb58b.js.map","component---src-pages-404-js-9faa85074f99a8e86fee.js","component---src-pages-404-js-9faa85074f99a8e86fee.js.map"],"children":{},"childAssets":{}},"component---src-pages-about-js":{"chunks":[1,0,4],"assets":["styles.7f80664dd776e582a638.css","styles-85767d4e028a308931f7.js","styles-85767d4e028a308931f7.js.map","commons-67fdef74ccac68ffb58b.js","commons-67fdef74ccac68ffb58b.js.map","component---src-pages-about-js-efe4c2ec20fc7f75061c.js","component---src-pages-about-js-efe4c2ec20fc7f75061c.js.map"],"children":{},"childAssets":{}},"component---src-pages-index-js":{"chunks":[1,0,5],"assets":["styles.7f80664dd776e582a638.css","styles-85767d4e028a308931f7.js","styles-85767d4e028a308931f7.js.map","commons-67fdef74ccac68ffb58b.js","commons-67fdef74ccac68ffb58b.js.map","component---src-pages-index-js-d6d004e5cd321ae33a2d.js","component---src-pages-index-js-d6d004e5cd321ae33a2d.js.map"],"children":{},"childAssets":{}},"component---src-pages-work-js":{"chunks":[1,0,6],"assets":["styles.7f80664dd776e582a638.css","styles-85767d4e028a308931f7.js","styles-85767d4e028a308931f7.js.map","commons-67fdef74ccac68ffb58b.js","commons-67fdef74ccac68ffb58b.js.map","component---src-pages-work-js-4b6f024c8765e7a48ed9.js","component---src-pages-work-js-4b6f024c8765e7a48ed9.js.map"],"children":{},"childAssets":{}}},"assetsByChunkName":{"app":["webpack-runtime-28bd387bdd44e0c7c73c.js","styles.7f80664dd776e582a638.css","styles-85767d4e028a308931f7.js","commons-67fdef74ccac68ffb58b.js","app-6447774d00a61435475a.js"],"component---src-pages-404-js":["styles.7f80664dd776e582a638.css","styles-85767d4e028a308931f7.js","commons-67fdef74ccac68ffb58b.js","component---src-pages-404-js-9faa85074f99a8e86fee.js"],"component---src-pages-about-js":["styles.7f80664dd776e582a638.css","styles-85767d4e028a308931f7.js","commons-67fdef74ccac68ffb58b.js","component---src-pages-about-js-efe4c2ec20fc7f75061c.js"],"component---src-pages-index-js":["styles.7f80664dd776e582a638.css","styles-85767d4e028a308931f7.js","commons-67fdef74ccac68ffb58b.js","component---src-pages-index-js-d6d004e5cd321ae33a2d.js"],"component---src-pages-work-js":["styles.7f80664dd776e582a638.css","styles-85767d4e028a308931f7.js","commons-67fdef74ccac68ffb58b.js","component---src-pages-work-js-4b6f024c8765e7a48ed9.js"]}}